id,label,number_corners,length_width_ratio,perimeter_area_ratio,ratio_of_areas,solidity,mu02,mu03,m11,nu02,m12,mu21,mu20,nu20,m30,nu21,mu11,mu12,nu11,nu12,m02,m03,m00,m01,mu30,nu30,nu03,m10,m20,m21,hu1,hu2,hu3,hu4,hu5,hu6,hu7
1,Ilex_Aquifolium,24,1.65346534653,0.403736043516,19.3152018322,0.951738897806,877408746.31,3306344103.73,9986073479.33,0.0461683456458,2.38106668511e+12,-9038337282.06,2652016833.13,0.139546397646,8.66590142228e+12,-0.00128090371602,91286406.3196,7304217208.47,0.00480339679477,0.00103514603106,6675464982.0,1.7322025723e+12,137857.0,28271940.8333,-28521936759.1,-0.0040420990767,0.000468571631787,48248037.5,19538160609.7,4.06177780306e+12,0.0201384254566,5.94955384671e-05,2.03768813521e-08,3.34229132643e-08,8.69464188964e-16,2.56450922985e-10,6.9514255622e-17
2,Ilex_Aquifolium,16,1.66578249337,0.402214313958,18.7232898379,0.955859295974,610702398.96,117126332.15,7210186341.29,0.0474939166106,1.59518329066e+12,152607754.454,1736019030.05,0.135009037443,5.77579858008e+12,3.5244150833e-05,46629420.9386,4148754590.16,0.00362633884103,0.000958138287714,4768414867.25,1.14706336926e+12,113395.5,21713265.1667,-14412245013.4,-0.00332845037207,2.70498581908e-05,37411007.1667,14078514607.2,2.72671078706e+12,0.0193015015712,5.29803827035e-05,1.58512405671e-08,9.79369261306e-09,1.08547157447e-16,6.30397770263e-11,5.5747535793e-17
3,Ilex_Aquifolium,29,1.63386727689,0.417621145374,21.1465943748,0.914710818949,1038494814.12,-2454877348.41,12418749778.3,0.0481428978905,3.18649332575e+12,5438156615.62,2898897406.2,0.134388077749,1.11146738891e+13,0.000657826827939,-34491395.6946,9868627868.39,-0.00159896392207,0.0011937589565,8466476912.5,2.36865031975e+12,146871.0,33029610.3333,-36042031693.3,-0.004359825775,-0.00029695433457,55375160.8333,23777140472.0,5.32663670135e+12,0.0214956701814,6.25470648135e-05,3.30307776295e-08,2.35314219218e-08,6.1298273821e-16,1.82114028676e-10,-2.3375904517e-16
4,Ilex_Aquifolium,30,1.68723404255,0.414010015879,22.762306095,1.0,0.333333333314,2.98023223877e-08,470652.0,0.0833333333285,202851194.0,2.3515895009e-08,0.333333333256,0.0833333333139,325543218.0,4.15706220664e-09,0.0,1.05937942863e-08,0.0,1.87273594458e-09,371522.333333,160126413.0,2.0,862.0,1.19209289551e-07,2.10734242554e-08,5.26835606386e-09,1092.0,596232.333333,256976135.667,0.0237041720946,8.32925985412e-05,1.67330144912e-08,2.06409473829e-08,3.4519249896e-16,1.76148647501e-10,-1.67311349636e-16
5,Ilex_Aquifolium,34,1.5487804878,0.408062286255,18.9441897693,1.0,0.333333333314,1.49011611938e-08,347250.0,0.0833333333285,130218904.333,7.27595761418e-09,0.333333333314,0.0833333333285,198506157.0,1.28621974215e-09,0.0,4.01632860303e-09,0.0,7.09993297669e-10,281250.333333,105469125.0,2.0,750.0,2.98023223877e-08,5.26835606386e-09,2.63417803193e-09,926.0,428738.333333,160776875.0,0.0196123557991,4.38529887502e-05,2.33497667378e-08,2.73726025003e-08,6.68187059079e-16,1.81256857191e-10,-1.80029430859e-16
6,Ilex_Aquifolium,18,1.80487804878,0.405368298208,20.8278986751,0.951926539995,1019756291.92,240532360.814,12394103896.6,0.0441513021314,2.95462602803e+12,-1544011799.1,3376186425.79,0.14617514804,1.36239503306e+13,-0.000171478437846,1823927.75753,13459475884.8,7.89686576353e-05,0.00149481364087,7372999967.92,1.92472808067e+12,151976.5,31073199.6667,-55304804737.4,-0.00614216907363,2.67135999271e-05,60609636.5,27547871105.1,5.63236382551e+12,0.0223094377071,9.33244003057e-05,4.14584650154e-08,2.09454416646e-08,5.88138060087e-16,1.97571017986e-10,1.87231766833e-16
7,Ilex_Aquifolium,19,1.45623342175,0.409621380846,18.4385746102,0.948505841151,464463481.428,294011495.449,4867793516.46,0.0539779078522,1.06122310249e+12,-740090593.818,1023300997.97,0.118923551974,2.73486012162e+12,-0.000282400510605,19438200.4712,-1061322.85625,0.0022590223684,-4.04974903105e-07,3854062963.08,914596237343.0,92761.5,17732014.3333,-692732344.841,-0.00026432975845,0.000112187612073,25363204.8333,7958205666.58,1.53115673156e+12,0.0182298225067,2.61316352392e-05,1.86970375059e-09,1.00618523495e-09,1.32102138123e-18,4.97767093115e-12,3.99393243309e-19
8,Ilex_Aquifolium,23,1.62820512821,0.405776118266,18.8714470776,1.0,0.333333333314,1.49011611938e-08,266400.0,0.0833333333285,95904123.3333,6.98491930962e-09,0.333333333314,0.0833333333285,101306370.0,1.23477095247e-09,0.0,2.21189111471e-09,0.0,3.91010801615e-10,259200.333333,93312360.0,2.0,720.0,1.49011611938e-08,2.63417803193e-09,2.63417803193e-09,740.0,273800.333333,98568120.0,0.0196359927529,5.1106469219e-05,3.82745721104e-08,2.53018573867e-08,7.81505022188e-16,1.79018394136e-10,-9.59971167726e-17
9,Ilex_Aquifolium,18,1.54395604396,0.406658637302,17.5987611838,1.0,0.333333333314,1.49011611938e-08,267756.0,0.0833333333285,85146548.3333,6.17001205683e-09,0.333333333314,0.0833333333285,149237343.0,1.09071434135e-09,0.0,3.20142135024e-09,0.0,5.65936686548e-10,202248.333333,64315182.0,2.0,636.0,2.98023223877e-08,5.26835606386e-09,2.63417803193e-09,842.0,354482.333333,112725382.0,0.0181627941016,3.46615741846e-05,1.67572922482e-08,1.23747257432e-08,1.66423110553e-16,7.18216263772e-11,6.37042913401e-17
10,Ilex_Aquifolium,18,1.66046511628,0.413857677903,21.2942155639,0.946209381879,1149255139.63,-2196326525.46,12824752467.5,0.0477276606129,3.24718963549e+12,5023018753.1,3244499985.91,0.134741528532,1.20144209878e+13,0.000529549931272,4850594.32458,7365431298.5,0.000201441361202,0.00077649792478,8570316134.08,2.37466627045e+12,155175.5,33934744.0,-29204858294.9,-0.0030789115994,-0.00023154692781,58622357.1667,25390913303.6,5.56133087295e+12,0.0223392625653,7.16723722224e-05,2.49516982605e-08,1.82948162761e-08,3.76669957941e-16,1.53739284713e-10,-1.04431754095e-16
11,Ilex_Aquifolium,23,1.76072234763,0.412971457696,22.0145259939,0.932670899645,1556505775.01,1828610265.16,17176289957.2,0.0475277399248,4.55280687333e+12,-4432448383.35,4428203550.95,0.135214729096,1.87814261558e+13,-0.000318155342258,82089730.9693,5025010257.53,0.00250660129031,0.000360688657841,10781572892.0,3.13893636563e+12,180968.0,40858805.0,-28786687866.9,-0.00206627076926,0.000131255250925,75712033.8333,36104036113.5,8.21579506284e+12,0.0236159559607,9.37308676222e-05,3.68972285293e-08,1.60091650805e-08,3.67405812083e-16,1.46837990224e-10,-1.28077623503e-16
12,Ilex_Aquifolium,21,1.79743589744,0.410852158993,19.5446096654,0.927350798207,823822163.253,-143900779.993,9746700762.83,0.0461710871592,2.24000529378e+12,1169231686.23,2496509923.43,0.139916819928,9.41784258103e+12,0.000179296314531,82617252.9235,6591251504.96,0.00463028133466,0.00101073817696,5972877441.0,1.49603195575e+12,133577.0,26225852.8333,-25829810693.9,-0.00396088296014,-2.20665243808e-05,49222394.8333,20634693541.3,4.11337173783e+12,0.0206303267652,7.64005103935e-05,1.91710197404e-08,1.02101892977e-08,1.17877652788e-16,8.17041923688e-11,-8.06866079033e-17
13,Ilex_Aquifolium,13,1.78167115903,0.408730464239,18.8798983755,0.946013761805,694802033.084,151816773.672,8310176909.46,0.046563127173,1.85128613027e+12,-378238985.485,2055075579.13,0.13772375581,7.50978292801e+12,-7.25258143589e-05,33594974.6246,2398495241.34,0.00225141407384,0.000459901880264,5209155674.92,1.26869533233e+12,122154.5,23482943.0,-11323075440.6,-0.00217115447875,2.91102598262e-05,43053450.6667,17229298504.2,3.33545788552e+12,0.020104981503,7.0163218622e-05,1.68747773722e-08,6.26908717012e-09,6.3165399824e-17,5.20318305868e-11,1.29542068439e-17
14,Ilex_Aquifolium,27,1.63865546218,0.408155790245,22.6652829498,1.0,0.333333333314,1.49011611938e-08,491360.0,0.0833333333285,181803421.333,8.84756445885e-09,0.333333333256,0.0833333333139,585510552.0,1.56404320646e-09,0.0,2.28174030781e-08,0.0,4.03358511139e-09,273800.333333,101306370.0,2.0,740.0,1.19209289551e-07,2.10734242554e-08,2.63417803193e-09,1328.0,881792.333333,326263163.333,0.0234266261724,7.36136487732e-05,3.14007082928e-08,2.98031188185e-08,8.8522561575e-16,2.47961594564e-10,-2.18201913038e-16
15,Ilex_Aquifolium,21,1.67032967033,0.401955239557,17.8809081361,0.929565751889,488928613.9,106959492.756,6091818370.75,0.0462333223651,1.27286701542e+12,-261898525.217,1469941308.74,0.13899834956,4.93732717788e+12,-7.72271688482e-05,39329093.7128,2370890840.39,0.00371897781447,0.000699114999215,3870516089.5,879299061007.0,102836.0,18648027.5,-9942997254.59,-0.00293193528754,3.15396155826e-05,33376923.5,12302908580.2,2.25624696838e+12,0.0184163329062,5.32640150021e-05,1.56181261078e-08,1.19236458909e-08,1.48015111449e-16,8.13003764064e-11,6.75851769799e-17
16,Ilex_Aquifolium,27,1.46572580645,0.414361086089,23.2011324154,1.0,0.333333333333,2.91038304567e-11,42206.0,0.0833333333333,1983831.66667,2.1536834538e-09,0.333333333314,0.0833333333285,181038147.0,3.80721043678e-10,0.0,2.13731254917e-10,0.0,3.77827049258e-11,4418.33333333,207693.0,2.0,94.0,2.98023223877e-08,5.26835606386e-09,5.14487896861e-12,898.0,403202.333333,18950509.6667,0.0229834564929,4.11849671052e-05,1.08077614141e-08,1.18327215494e-08,1.33152073641e-16,7.49260993147e-11,-1.32724699576e-17
17,Liquidambar_Styraciflua,26,1.13982642237,0.415346196153,36.4400511342,1.0,1.0,0.0,85310.0,0.0625,38304237.5,4.27462509833e-10,1.66666666667,0.104166666667,428925.0,1.33582034323e-11,0.0,0.0,0.0,0.0,806405.0,362076743.0,4.0,1796.0,5.82076609135e-11,1.81898940355e-12,0.0,190.0,9026.66666667,4052973.33333,0.0308121087327,1.30342044196e-05,6.65030379628e-08,1.08479083822e-07,9.01087970831e-15,-3.8470925204e-10,-1.92315841704e-15
18,Liquidambar_Styraciflua,19,1.34930643127,0.41366918904,29.3186137314,0.530183613004,6448055825.63,-389130943097.0,73797233095.8,0.0818475818894,3.94926050134e+13,113804388984.0,10622000459.6,0.134829020708,6.12828849982e+13,0.00272665594825,-213900291.26,71549222379.6,-0.0027151163201,0.00171425825082,73406858724.2,4.17634188347e+13,280680.0,137091198.833,-85105450604.9,-0.00203905389935,-0.00932324500065,151530113.5,92428239939.8,4.50271346889e+13,0.0252636745355,3.54345970011e-05,5.23773842184e-09,8.47236284259e-08,-3.19485139947e-17,-4.9948482032e-10,1.78446950104e-15
19,Liquidambar_Styraciflua,13,1.17554479419,0.413790611109,28.9850746269,1.0,0.333333333256,1.19209289551e-07,734976.0,0.0833333333139,511543472.0,5.40167093277e-08,0.333333333256,0.0833333333139,294396432.0,9.54889536575e-09,0.0,4.09781932831e-08,0.0,7.24398958781e-09,968832.333333,674307768.0,2.0,1392.0,1.19209289551e-07,2.10734242554e-08,2.10734242554e-08,1056.0,557568.333333,388067560.0,0.0244706735818,1.17095369719e-05,3.87056046901e-08,6.7255574022e-08,2.83428325022e-15,-2.14994735182e-10,1.9343677507e-15
20,Liquidambar_Styraciflua,56,1.19979818365,0.417358239196,32.7041827417,0.527821434828,15689086397.4,-1.32637052715e+12,155450154751.0,0.0901041090517,1.09389675752e+14,487441764923.0,22232262913.6,0.127682274881,1.18774446387e+14,0.00433367576407,5875760.63602,11719415940.9,3.37451247127e-05,0.000104193264687,189468845639.0,1.41194304789e+14,417279.0,269285432.5,11501091117.1,0.000102252214359,-0.011792300581,240873160.833,161275635836.0,1.04571304058e+14,0.0279598879969,1.50624494707e-05,1.09233933287e-07,1.59229377003e-07,1.7405471359e-14,-5.69420040209e-10,-1.17489557258e-14
21,Liquidambar_Styraciflua,17,1.1500630517,0.407741190064,27.8534950895,0.563963299305,5292384186.25,-388535866386.0,55785255764.0,0.0873537749047,3.09858006642e+13,168092036529.0,7141576919.0,0.117875740062,3.05788776927e+13,0.00559223008687,-155354473.381,-36757051089.3,-0.00256421288035,-0.00122286511158,70762053201.9,4.15649681766e+13,246141.5,126944092.167,74191582482.0,0.00246826921915,-0.0129261445497,108467479.5,54940075380.6,2.83657595426e+13,0.0238689694943,5.47693472197e-06,5.8509934227e-08,1.44329658331e-07,9.63972499498e-15,-3.23143746218e-10,-9.1097784948e-15
22,Liquidambar_Styraciflua,15,1.19727047146,0.404442301988,28.8412192228,0.511897369469,4907371447.17,-437292315984.0,58281695650.9,0.0927701728319,3.33467472111e+13,122487355996.0,6821160730.76,0.128948922395,3.45280496445e+13,0.00482825893196,247282751.879,-71892404043.6,0.00467469476829,-0.00283388549895,69792467038.7,4.18456047572e+13,229996.0,122161010.333,147353204886.0,0.00580843158753,-0.0172373753466,109263035.667,58728198084.0,3.15505719369e+13,0.0241143904605,8.7996206337e-06,4.59853583286e-08,1.77655248973e-07,7.50037544268e-15,-5.09767305581e-10,-1.41981123634e-14
23,Liquidambar_Styraciflua,15,1.13445378151,0.409409519615,28.8885830673,0.538337604036,6156135786.67,-490197314912.0,67201039929.8,0.0947153357434,3.86345110905e+13,144444467212.0,7556658248.73,0.116263098789,4.25606318592e+13,0.00440140215722,-106763151.922,-43745940362.0,-0.00164260635726,-0.00133299308721,77997861291.9,4.74503388344e+13,254943.5,135335069.167,-76486272773.2,-0.00233063164329,-0.0149369204717,126794089.667,70616674191.1,3.75246428745e+13,0.0243137961895,3.8220514522e-06,3.05247190615e-08,1.5586311948e-07,8.2234539359e-15,-2.76168161047e-10,6.92492309576e-15
24,Liquidambar_Styraciflua,22,1.15881809788,0.418351564917,38.220663086,0.501114589613,17302404256.1,-1.32548173738e+12,180834244854.0,0.0894920865898,1.29977815258e+14,881003536708.0,24324433931.3,0.125811668449,1.52612224606e+14,0.0068718769798,799184124.644,75569332983.2,0.004133567441,0.000589445034065,206353146133.0,1.56671942138e+14,439704.5,288316600.167,-13893319378.5,-0.000108368670082,-0.0103388318647,274567008.333,195773764255.0,1.30248988854e+14,0.0326872760957,1.54745445646e-05,1.40762970575e-07,1.79417717798e-07,2.55590173943e-14,-6.68663778918e-10,1.26382411679e-14
25,Liquidambar_Styraciflua,19,1.20210727969,0.41566950776,36.3758016602,0.481243945139,15090091313.1,-1.12050642218e+12,168188504454.0,0.0861528822675,1.18774795803e+14,586948494202.0,23607286852.6,0.134779555846,1.41798976947e+14,0.0051799124852,71164952.968,-160538515504.0,0.000406297462845,-0.00141677756912,192765007370.0,1.44142708746e+14,418515.0,272689599.167,64705217203.0,0.00057103368653,-0.00988864485267,258020946.0,182681175661.0,1.19703301942e+14,0.0311019686688,2.15452585567e-05,1.09458944343e-07,1.66548949011e-07,1.70147759925e-14,-7.51642722159e-10,-1.47030186441e-14
26,Liquidambar_Styraciflua,17,1.15384615385,0.419676463522,27.18006727,0.518468727921,4443956519.67,-125849640301.0,41447431034.4,0.086710296057,2.04080345437e+13,62033651190.5,6473532999.51,0.126311308501,2.32682196067e+13,0.00254391987679,180598195.519,-32164898739.4,0.00352382453147,-0.00131904093452,49786979828.7,2.61334270477e+13,226386.0,101316463.0,60853011330.1,0.00249550336171,-0.00516093112858,92208442.1667,44030611647.5,1.99145474656e+13,0.0232871142907,8.09694590557e-06,1.18138600735e-08,4.07708543741e-08,-8.38959883719e-16,-4.75364539586e-11,-3.11116768829e-16
27,Liquidambar_Styraciflua,17,1.18857142857,0.420642675675,36.5839358999,0.496759644511,17106475350.2,-1.33708936334e+12,172133872540.0,0.0898319568076,1.21912930908e+14,811000858781.0,25058298640.3,0.13158970244,1.44732212993e+14,0.00644702299448,-432735241.532,142255660877.0,-0.00227244085824,0.00113085640643,200594663172.0,1.50922204737e+14,436380.0,282967445.833,-87951163682.2,-0.000699164703109,-0.0106291451825,266124663.5,187353400439.0,1.21771150612e+14,0.0315746528916,1.99948209974e-05,1.49602933287e-07,1.46978072494e-07,2.08794150518e-14,-6.54966922927e-10,6.24936457035e-15
28,Liquidambar_Styraciflua,13,1.25814863103,0.414251164134,26.7175035195,0.506969496295,5155243620.58,-264626913708.0,57386628144.3,0.0815129756951,2.96218892568e+13,149016766698.0,8598009911.58,0.135948836666,4.08402540014e+13,0.00469847671367,273473523.565,63104389876.2,0.00432407124091,0.00198967212169,60561617521.8,3.30012965074e+13,251484.5,118041705.5,-124702305733.0,-0.00393184533937,-0.00834364762714,121677953.333,67470522242.9,3.20829407811e+13,0.0232877690382,2.0669192776e-05,3.33235559212e-08,5.69821173424e-08,1.98959501578e-15,-2.5201919189e-10,1.48559564343e-15
29,Liquidambar_Styraciflua,20,1.14603174603,0.415732805977,32.1259063942,0.520926395029,10718385514.6,-1.00397275839e+12,120686451884.0,0.0918675861512,8.08191684316e+13,436792821166.0,15023173233.2,0.128764043744,8.94067175658e+13,0.00640570090493,1344926499.89,79710083149.7,0.0115274031642,0.00116897285629,138418146516.0,9.67375894261e+13,341573.0,208851120.333,-77446534116.6,-0.00113577721436,-0.0147235689218,195181346.333,126553528257.0,7.93536137892e+13,0.0274029067824,8.83763379814e-06,1.01613754047e-07,1.92437431657e-07,1.81665565231e-14,-4.4620385883e-10,1.98523024931e-14
30,Liquidambar_Styraciflua,19,1.30033370412,0.40826095226,33.3142395232,0.550836440656,10028442243.3,-791764601182.0,115535422106.0,0.0830708865908,7.20796242853e+13,135981418375.0,15900292058.6,0.131710521567,9.53950929887e+13,0.00191094759273,-637104588.484,13606923267.7,-0.00527747398177,0.000191218164759,125545735163.0,8.31632288766e+13,347450.0,200340918.0,-12971374659.7,-0.000182286796803,-0.0111266721345,201477285.833,132731769125.0,7.59307152441e+13,0.0285271228534,3.00038314438e-05,5.53566708863e-09,1.95856690924e-07,5.8959827339e-15,-1.06934687698e-09,2.61285887816e-15
31,Liquidambar_Styraciflua,25,1.25508130081,0.407869920558,34.7270960736,0.477186205983,10949375480.2,-870551248354.0,140464222829.0,0.0844293916687,9.43705913686e+13,366514130467.0,17953961216.5,0.138440957322,1.21913905897e+14,0.00470945999191,202755885.504,-59399031877.7,0.00156342762208,-0.00076323759695,150546761638.0,1.06495410478e+14,360120.5,224213916.833,58784883303.3,0.000755346200959,-0.011185997849,225280528.167,158882668055.0,9.95418158073e+13,0.0290917507092,2.67792984184e-05,3.96676476813e-08,2.01871204486e-07,1.68169537063e-14,-1.00254123531e-09,6.59712047433e-15
32,Liquidambar_Styraciflua,16,1.09454949944,0.424743667607,31.6035868672,0.486384255808,6417296548.36,-249585825785.0,63785265419.0,0.092128222892,3.53584735958e+13,155260056139.0,8653846836.3,0.124236666359,4.1429629966e+13,0.00433870847553,345216975.667,114644542311.0,0.00495601632879,0.00320371678181,72824770899.4,4.27182493471e+13,263924.5,132387912.833,-53006248028.3,-0.00148124806402,-0.00697462157772,126472143.167,69259069152.4,3.52273517771e+13,0.0264147223696,5.9374836184e-06,3.85694298849e-08,3.19353075273e-08,8.84999871534e-16,-7.74587680542e-11,6.87727188057e-16
33,Castanea_Sativa,60,2.24418604651,0.386770224278,18.1058556593,1.0,0.333333333314,2.98023223877e-08,309624.0,0.0833333333285,120134245.0,2.56113708019e-09,0.333333333314,0.0833333333285,127042797.0,4.52749349238e-10,0.0,7.74161890149e-09,0.0,1.36853780565e-09,301088.333333,116822532.0,2.0,776.0,2.98023223877e-08,5.26835606386e-09,5.26835606386e-09,798.0,318402.333333,123540105.333,0.0192344427639,0.000118536376095,5.93574309822e-08,1.76566313691e-07,1.79091465955e-14,1.89527186267e-09,-2.44943173019e-15
34,Castanea_Sativa,69,2.07862903226,0.381578947368,20.0854673998,1.0,0.333333333314,2.98023223877e-08,459156.0,0.0833333333285,211671082.0,-9.89530235529e-10,0.333333333314,0.0833333333285,247012482.0,-1.74925884933e-10,0.0,9.66247171164e-09,0.0,1.70809981758e-09,425042.333333,195944823.0,2.0,922.0,2.98023223877e-08,5.26835606386e-09,5.26835606386e-09,996.0,496008.333333,228659841.667,0.0208317664835,0.000115546409238,4.87372786887e-08,1.31826707728e-07,9.84497744792e-15,1.41564803251e-09,-3.83792929041e-15
35,Castanea_Sativa,85,2.42911877395,0.375225713254,21.7307199842,1.0,0.333333333314,2.98023223877e-08,677180.0,0.0833333333285,331818430.333,1.8160790205e-08,0.333333333256,0.0833333333139,659879433.0,3.21040447642e-09,0.0,-6.46105036139e-09,0.0,-1.14216313103e-09,480200.333333,235298490.0,2.0,980.0,1.19209289551e-07,2.10734242554e-08,5.26835606386e-09,1382.0,954962.333333,467931543.333,0.0242456359198,0.000214395936935,9.51307659917e-09,8.14973972119e-08,2.12921230234e-15,1.17319890843e-09,-7.84730898722e-16
36,Castanea_Sativa,97,2.3908045977,0.375292915941,19.5714714895,1.0,0.333333333314,2.98023223877e-08,529392.0,0.0833333333285,260461043.333,3.81842255592e-08,0.333333333256,0.0833333333139,311442282.0,6.75008120682e-09,0.0,2.03726813197e-08,0.0,3.60141527803e-09,484128.333333,238191468.0,2.0,984.0,1.19209289551e-07,2.10734242554e-08,5.26835606386e-09,1076.0,578888.333333,284813060.0,0.0216692536966,0.000177033525301,1.57263050116e-09,2.48059743262e-08,8.06904483369e-17,3.19218689423e-10,-1.32263796374e-16
37,Castanea_Sativa,85,2.24659863946,0.379333073673,23.2719537406,1.0,0.333333333256,1.19209289551e-07,1015184.0,0.0833333333139,544138939.667,1.86264514923e-09,0.333333333256,0.0833333333139,1698557193.0,3.29272253991e-10,0.0,3.37604433298e-08,0.0,5.96805960359e-09,574592.333333,307981848.0,2.0,1072.0,2.38418579102e-07,4.21468485109e-08,2.10734242554e-08,1894.0,1793618.33333,961379426.667,0.0252551513058,0.00020406245787,2.58389723566e-08,2.07454349151e-07,1.44404606728e-14,2.94256075342e-09,4.70856511779e-15
38,Castanea_Sativa,86,2.42435424354,0.375228873786,22.1018527139,1.0,0.333333333314,2.98023223877e-08,831908.0,0.0833333333285,425105259.333,7.9395249486e-08,0.333333333256,0.0833333333139,1078707102.0,1.40352298264e-08,0.0,-4.07453626394e-09,0.0,-7.20283055606e-10,522242.333333,266866173.0,2.0,1022.0,2.38418579102e-07,4.21468485109e-08,5.26835606386e-09,1628.0,1325192.33333,677173282.333,0.0247758060743,0.000222297014678,1.00326034764e-07,2.90424459572e-07,4.94541877165e-14,4.3301203393e-09,-3.44887558741e-15
39,Castanea_Sativa,98,2.33333333333,0.375651967757,21.2993421053,1.0,0.333333333256,1.19209289551e-07,591294.0,0.0833333333139,311612125.0,6.07687979937e-08,0.333333333256,0.0833333333139,353117523.0,1.07425072865e-08,0.0,4.35393303633e-08,0.0,7.69673893705e-09,555458.333333,292726893.0,2.0,1054.0,1.19209289551e-07,2.10734242554e-08,2.10734242554e-08,1122.0,629442.333333,331716109.667,0.0233612837799,0.000186127814696,3.37167677487e-08,1.40332185385e-07,9.64839166679e-15,1.91404281845e-09,2.95779647181e-16
40,Castanea_Sativa,74,2.26362038664,0.38242734821,23.769849507,1.0,0.333333333256,1.19209289551e-07,719280.0,0.0833333333139,388411422.0,4.19095158577e-08,0.333333333256,0.0833333333139,590817258.0,7.40862571481e-09,0.0,5.16884028912e-08,0.0,9.13730504826e-09,583200.333333,314928540.0,2.0,1080.0,1.19209289551e-07,2.10734242554e-08,2.10734242554e-08,1332.0,887112.333333,479040660.0,0.0266765916388,0.000233071222484,7.13474528222e-08,2.51300696178e-07,3.35171013317e-14,3.79310856742e-09,2.98308737652e-15
41,Castanea_Sativa,83,2.19253438114,0.376039050617,20.0928159598,1.0,0.333333333314,2.98023223877e-08,592488.0,0.0833333333285,277284595.0,3.632158041e-08,0.333333333256,0.0833333333139,507272907.0,6.42080895283e-09,0.0,1.22818164527e-08,0.0,2.17113892476e-09,438048.333333,205006932.0,2.0,936.0,1.19209289551e-07,2.10734242554e-08,5.26835606386e-09,1266.0,801378.333333,375045060.0,0.0210874702108,0.000136886615417,3.33264008177e-08,1.34233328281e-07,8.97474468178e-15,1.56099630651e-09,2.45664673181e-16
42,Castanea_Sativa,67,2.12938596491,0.383345836459,18.4536134034,1.0,0.333333333314,2.98023223877e-08,392048.0,0.0833333333285,167796696.667,-1.62981450558e-09,0.333333333314,0.0833333333285,192144282.0,-2.88113222242e-10,0.0,-1.04773789644e-09,0.0,-1.8521564287e-10,366368.333333,156805932.0,2.0,856.0,2.98023223877e-08,5.26835606386e-09,5.26835606386e-09,916.0,419528.333333,179558126.667,0.0193969622627,0.000102159187451,1.52777641226e-08,6.15062122932e-08,1.82384119739e-15,6.19180085103e-10,-4.77929075453e-16
43,Castanea_Sativa,90,2.59611231102,0.370682364085,18.8276328699,1.0,0.333333333314,2.98023223877e-08,548576.0,0.0833333333285,238082194.667,5.35510480404e-08,0.333333333256,0.0833333333139,504872568.0,9.46657730225e-09,0.0,2.32830643654e-09,0.0,4.11590317489e-10,376712.333333,163493442.0,2.0,868.0,1.19209289551e-07,2.10734242554e-08,5.26835606386e-09,1264.0,798848.333333,346700176.667,0.0212888123536,0.00018996436241,1.07835507468e-07,2.47215687314e-07,3.96934002191e-14,3.40656402537e-09,7.32748157353e-15
44,Castanea_Sativa,85,2.49897750511,0.373694079829,20.0093088669,1.0,0.333333333314,2.98023223877e-08,686166.0,0.0833333333285,317695105.0,1.60653144121e-08,0.333333333256,0.0833333333139,813738783.0,2.83997319068e-09,0.0,1.43772922456e-08,0.0,2.5415702105e-09,428738.333333,198506157.0,2.0,926.0,1.19209289551e-07,2.10734242554e-08,5.26835606386e-09,1482.0,1098162.33333,508449160.333,0.0227759443446,0.000207815806321,2.28598582634e-08,1.11441500037e-07,5.28370796294e-15,1.60530777973e-09,1.92894286537e-15
45,Castanea_Sativa,94,2.66386554622,0.377034174125,20.4627068077,1.0,0.333333333314,2.98023223877e-08,597540.0,0.0833333333285,258735050.0,1.37370079756e-08,0.333333333256,0.0833333333139,657018690.0,2.42838287319e-09,0.0,1.33877620101e-08,0.0,2.36664432556e-09,374978.333333,162365907.0,2.0,866.0,1.19209289551e-07,2.10734242554e-08,5.26835606386e-09,1380.0,952200.333333,412302744.333,0.0247190436151,0.000282229958389,2.36781580026e-09,6.41981574487e-08,-2.3282204726e-16,1.07038406073e-09,7.56495871062e-16
46,Castanea_Sativa,71,1.98464912281,0.387626894888,18.7863613602,1.0,0.333333333314,2.98023223877e-08,455840.0,0.0833333333285,185527066.667,2.16532498598e-08,0.333333333256,0.0833333333139,351232560.0,3.82778995265e-09,0.0,9.31322574615e-10,0.0,1.64636126996e-10,331298.333333,134838693.0,2.0,814.0,1.19209289551e-07,2.10734242554e-08,5.26835606386e-09,1120.0,627200.333333,255270535.667,0.0193638208221,9.0420352942e-05,1.27702308301e-08,5.69326399004e-08,1.11951295627e-15,5.13497198658e-10,1.05036831383e-15
47,Castanea_Sativa,92,2.11591355599,0.383115601689,21.6360658326,1.0,0.333333333314,2.98023223877e-08,570152.0,0.0833333333285,275953764.333,1.76951289177e-08,0.333333333256,0.0833333333139,408673527.0,3.12808641292e-09,0.0,-8.44011083245e-09,0.0,-1.4920149009e-09,468512.333333,226760292.0,2.0,968.0,1.19209289551e-07,2.10734242554e-08,5.26835606386e-09,1178.0,693842.333333,335819689.333,0.0238190682808,0.000157029914973,1.87163235181e-08,7.69152602291e-08,2.29709364839e-15,9.62738152101e-10,1.79994462308e-15
48,Castanea_Sativa,72,2.19402985075,0.378873869226,21.6811474564,1.0,0.333333333314,2.98023223877e-08,666624.0,0.0833333333285,330645728.0,1.86264514923e-08,0.333333333256,0.0833333333139,606929568.0,3.29272253991e-09,0.0,1.30385160446e-08,0.0,2.30490577794e-09,492032.333333,244048368.0,2.0,992.0,1.19209289551e-07,2.10734242554e-08,5.26835606386e-09,1344.0,903168.333333,447971493.333,0.023076913713,0.000160013705444,3.98464312563e-08,1.32969823144e-07,9.67465194027e-15,1.68015552362e-09,2.85487161572e-16
49,Ginkgo_Biloba,6,1.41766109785,0.387733669397,17.4253308129,1.0,0.333333333328,1.86264514923e-09,77700.0,0.0833333333321,11655086.3333,2.91038304567e-09,0.333333333314,0.0833333333285,34748217.0,5.14487896861e-10,0.0,1.87719706446e-09,0.0,3.31844693476e-10,45000.3333333,6750150.0,2.0,300.0,1.49011611938e-08,2.63417803193e-09,3.29272253991e-10,518.0,134162.333333,20124350.0,0.0167599221587,2.23338398172e-05,3.21941177259e-08,1.00817549669e-08,6.48731308521e-17,9.47965952319e-13,-1.69651632363e-16
50,Ginkgo_Biloba,7,1.33264033264,0.399313732086,20.7441969993,0.785724076799,779520784.283,-2816694612.15,8336182809.12,0.0468640909728,1.93342877648e+12,29267278110.0,2539846909.23,0.152693320064,6.6022747536e+12,0.00489945707555,-197141239.175,-5515439375.5,-0.0118519546283,-0.000923306170511,6344363130.08,1.63888322877e+12,128971.5,26790036.6667,7244715531.17,0.00121279377727,-0.000471525718766,41080780.0,15625144710.8,3.14934239526e+12,0.0194218934446,2.35800879434e-05,1.82437087543e-09,6.25529252074e-09,-1.92859008455e-17,-2.87607179442e-11,-8.63652355419e-18
51,Ginkgo_Biloba,8,1.48086124402,0.393171656957,17.5275707899,1.0,5.0,0.0,181800.0,0.138888888889,18181515.0,1.39698386192e-09,1.66666666663,0.0462962962952,166910277.0,1.58421187065e-11,0.0,0.0,0.0,0.0,60005.0,6001500.0,6.0,600.0,2.98023223877e-08,3.37965199073e-10,0.0,1818.0,550855.666667,55085566.6667,0.0171570896236,3.04547958071e-05,3.54260737192e-08,3.36433270649e-09,-3.66181434992e-17,-1.85321704105e-11,-2.8523779248e-18
52,Ginkgo_Biloba,8,1.4976744186,0.399242211619,19.4302554028,0.885906040268,1404.81818182,-634.661157012,2635944.83333,0.322501878287,311969805.333,11.9210288477,127.272727272,0.0292177978126,2547998779.0,0.000336863456123,-218.803030304,124.867768669,-0.0502302640734,0.00352850317279,923223.0,109439586.0,66.0,7800.0,-13.4279146194,-0.000379444910755,-0.0179342029576,22306.0,7538879.33333,890810581.0,0.0191731297433,4.12789346759e-05,1.3273207453e-08,2.69552990855e-09,-1.61186534212e-17,-1.72983834213e-11,-3.87428166292e-19
53,Ginkgo_Biloba,15,1.3781512605,0.397084161696,20.6929092114,0.790588618266,754114358.442,-378682767.699,8736558845.71,0.0455150757244,2.0279418071e+12,20712354071.0,2541969132.21,0.153422244579,7.35547477538e+12,0.00348439222716,33460838.7358,2123358113.21,0.00201955126807,0.000357207707043,6019192751.58,1.52201919269e+12,128718.5,26032921.3333,-3384675342.06,-0.00056939623632,-6.37049409163e-05,43032040.3333,16928063557.2,3.46673389127e+12,0.019337011427,2.75558129875e-05,1.1400936396e-09,1.91014271738e-08,-5.11623428341e-17,-3.66015225605e-11,7.29946640337e-17
54,Ginkgo_Biloba,9,1.34243697479,0.398102671062,20.4645091839,0.804362674618,758639998.164,-5776974695.82,8541049966.83,0.0456232592913,2.04079829347e+12,29075180079.5,2528307370.32,0.152047905467,6.32705401295e+12,0.0048692337915,-64396213.2273,-6291997012.8,-0.00387267365359,-0.001053723636,6637972166.33,1.73558491536e+12,128951.0,27534446.8333,19958760229.1,0.00334250276277,-0.000967472611507,40301550.1667,15123905278.3,3.21817670983e+12,0.0191028238289,2.26780943669e-05,3.80112616751e-09,5.94237070207e-09,-2.81004102899e-17,-2.57772491793e-11,-2.8246461968e-18
55,Ginkgo_Biloba,7,1.27586206897,0.399212489638,21.4214562034,0.801370926664,809758526.917,-2384724718.38,8207814052.21,0.0486532824548,1.93954625323e+12,30981999347.1,2447013368.15,0.147025599131,5.99147205169e+12,0.00518268973533,-260448374.456,-8455412780.88,-0.0156487000829,-0.00141442714967,6708822156.08,1.77851349511e+12,129009.5,27586867.3333,6393401724.45,0.00106949255017,-0.000398918358401,39601680.3333,14603428866.4,2.99382169885e+12,0.0201448267777,1.9588155946e-05,1.25707289079e-09,6.32553458715e-10,4.68093762419e-19,-1.79606031183e-12,-3.14726953418e-19
56,Ginkgo_Biloba,6,1.36281179138,0.393670107321,18.1175063231,0.818694316729,779888562.529,-7970732052.52,7624818551.79,0.0470546089166,1.743255058e+12,46450880260.4,2555257667.49,0.154171577841,5.69272643057e+12,0.00781098798356,-64593142.8947,-5439882162.43,-0.00389722996802,-0.000914748094429,5959681899.08,1.50032053887e+12,128740.5,25823423.1667,11082695452.4,0.00186362024828,-0.0013403253487,38334914.0,13970201926.6,2.81019726091e+12,0.0171820637323,1.98400010036e-05,1.98314102994e-08,3.51124504032e-09,-1.19229617828e-17,-9.01842690123e-12,-2.67644632305e-17
57,Ginkgo_Biloba,6,1.42237442922,0.397742912194,18.7774566474,0.823350084931,733912397.831,-9527300852.39,7945777432.71,0.0443136730332,1.82949927367e+12,52555374497.3,2677018452.12,0.161638528988,6.04247427758e+12,0.0088457373704,-111191071.738,-10324288308.3,-0.00671372334324,-0.00173770891721,6217521380.25,1.57689956237e+12,128692.5,26565002.3333,16349169785.2,0.0027517730304,-0.00160356580074,39031482.3333,14514978031.2,2.98132372202e+12,0.0181402648688,2.95469592453e-05,2.92590566694e-08,8.07407820256e-09,1.20717136837e-16,2.62627744577e-11,-2.8775462734e-17
58,Ginkgo_Biloba,6,1.33705357143,0.402811648257,19.2477406398,0.824073245844,857127070.385,-10487428209.3,8105551211.42,0.0515237187171,1.95312028347e+12,68845004230.1,2449114257.17,0.147221431282,5.65794015572e+12,0.0115232482283,-59681992.1857,-6371022712.37,-0.00358761061702,-0.00106637913678,6636492881.83,1.75720180584e+12,128979.0,27302322.6667,10534998856.4,0.00176334373517,-0.00175538138,38573407.3333,13985160848.5,2.99353118137e+12,0.0187342011327,2.17343453399e-05,2.55432840319e-08,5.28943232882e-09,4.34185435962e-17,-2.2365272347e-11,-4.35308584601e-17
59,Ginkgo_Biloba,7,1.3426124197,0.397211370066,19.7230903947,0.798455365849,772000772.858,-7182958018.7,7942143193.38,0.0467106748844,1.84628211771e+12,45868236007.2,2570889602.53,0.155554233376,5.88430214969e+12,0.00774034016691,-176097020.984,-11179220718.9,-0.010654925467,-0.0018865118587,6396470703.75,1.65369122245e+12,128558.5,26890024.5,18172787375.1,0.00306668771919,-0.001212135964,38812489.1667,14288584778.8,2.928220374e+12,0.0185129517353,2.24077685958e-05,1.48750912893e-08,6.10748888718e-09,3.61121687993e-17,1.64421082799e-12,-4.56587886272e-17
60,Ginkgo_Biloba,6,1.40134529148,0.399015115245,19.0650434307,0.82059535951,768685202.326,-7367385377.56,8030089057.92,0.0463826167064,1.82442078159e+12,32790827830.9,2502081260.45,0.15097607671,6.46726774219e+12,0.0055145589996,-54518168.3997,-285831858.871,-0.00328963703317,-4.80694375218e-05,5828746558.67,1.45302037134e+12,128735.0,25522676.1667,-2038273528.38,-0.000342784259292,-0.0012390013923,40778322.1667,15419093407.3,3.05520282883e+12,0.0180998615528,2.44119906631e-05,1.16958549872e-08,7.77612984996e-09,-6.6086867908e-17,-3.4008619125e-11,3.36454570867e-17
61,Ginkgo_Biloba,6,1.2306122449,0.401680444505,20.0210055563,0.819349663883,842548291.698,-2970290552.47,8007995422.08,0.0508592816468,1.91443288328e+12,16672235567.0,2283987333.33,0.13786978884,5.49841010455e+12,0.0028051953619,-194101947.983,-1492575506.86,-0.0117167000847,-0.000251134040922,6677794167.5,1.77768501648e+12,128710.0,27405373.5,-2782259738.98,-0.000468130508596,-0.00049976772748,38521348.8333,13812961895.8,2.84159059624e+12,0.0182521691528,1.02275886319e-05,2.54338371584e-09,1.61109078803e-08,-5.82986105421e-17,-5.04191042337e-11,-8.50712365984e-17
62,Ginkgo_Biloba,10,1.40582959641,0.389934561155,18.8654118599,0.817713569831,750472770.232,-8375948519.49,8126530760.96,0.0451604596274,1.8358469264e+12,40403539410.5,2567973631.55,0.154530416175,6.75872536564e+12,0.00677171511945,14166145.7817,2532210059.27,0.00085246218121,0.000424403539743,5679187497.75,1.39558551021e+12,128910.5,25206409.5,-18004514451.5,-0.00301759312447,-0.00140382595329,41488216.6667,15920432292.2,3.16251067596e+12,0.0180143346557,2.62040939274e-05,1.29662582012e-08,8.5264898573e-09,-8.11758585785e-17,-4.1036408835e-11,-3.80534310902e-17
63,Ginkgo_Biloba,6,1.15789473684,0.407367499495,22.0696343188,0.813637468166,948353866.49,14603072169.4,8738930307.62,0.0570672697852,2.19776036124e+12,-15714486117.1,2122395469.35,0.127715317162,5.92872413605e+12,-0.00263372865583,-101544851.435,8134438956.41,-0.00611046955879,0.00136332202141,7139378135.58,1.99483369201e+12,128911.5,28250561.5,-14130662953.1,-0.00236828183041,0.00244745703734,40340398.6667,14746154905.8,3.15230726892e+12,0.0198819766004,5.18586249905e-06,1.32540549188e-08,5.26324369684e-08,1.00522806927e-15,-1.18156441894e-10,-9.60193052555e-16
64,Ginkgo_Biloba,7,1.46135831382,0.395717138332,18.3466225986,0.849385942336,770909590.09,-14203068455.9,8305434328.0,0.0465349088628,1.95409763816e+12,59498602398.5,2581701273.26,0.155840885892,6.35669845496e+12,0.0100109672046,26070340.6113,-2175603667.57,0.00157370065175,-0.000366057286865,6227358149.17,1.58544306894e+12,128710.0,26500933.8333,12170533451.6,0.00204775921341,-0.00238974441054,40211297.6667,15144427246.7,3.19397229411e+12,0.0176759119304,2.87121828748e-05,5.28683818095e-08,3.99731015527e-09,-5.8087348544e-17,-2.13506655246e-11,-1.61709390035e-18
